station code,station name,state name,district name,block name,basin name,LEAD mg L ,ALKALINITY PHENOLPHTHALEIN mg L ,TOTAL ALKALINITY,ARSENIC mg l ,COPPER,CADMIUM,CHROMIUM mg L ,NICKEL mg L ,IRON mg L ,BORON mg L ,BIOCHEMICAL OXYGEN DEMAND mg L ,CALCIUM mg L ,CHLORIDE,CARBONATE mg L ,CHEMICAL OXYGEN DEMAND,DISSOLVED OXYGEN mg L ,ALKALINITY TOTAL ,DISSOLVED OXYGEN SATURATION ,ELECTRICAL CINDUCTIVITY FIELD,ELECTRICAL CONDUCTIVITY miu S CM  at 25,FLUORIDE,FECAL COLIFORMS mpn 100ml ,CALCIUM HARDNESS mg L ,TOTAL HARDNESS mg L ,BICARBONATE mg L ,POTASSIUM mg L ,MAGNESIUM mg L ,SODIUM,PERCENT SODIUM,AMMONIA N mg L ,NITROGEN  TOTAL OXIDISED NO2 NO3 ,no3 n,o po4 p,PH,PHOSPHORUS TOTAL ,SODIUM ABSORPTION RATIO,SECCHI DEPTH,SILICATE sio2  mg L ,SULPHATE mg L ,TOTAL COLIFORNS MPN 100ml ,TOTAL DISSOLVED SOLIDS mg L ,TEMPERATURE,TURBIDITY NTU ,NITROGEN NITRITE
,,,,,,0.01,,,0.01,0.05,0.003,0.05,0.02,0.3,0.5,2,75,250,200,10,6.5,,80,500,500,1,0,120,120,0.05,1.3,0.1,20,,0.5,,45,,,0.1,,,,200,,,,1,
0010-LYDAGRA,SAHIJINA,Uttar Pradesh,HAMIRPUR,HAMIRPUR,Ganga Basin,0.15,0,38.33,3.08,3.65,0.08,0.82,2.47,0.15,0.14,5.2,29,11.7,0,4.1,7.8,7.8,98,NULL,116,0.25,NULL,72,92,46,2.3,4.9,7.8,15,0,0.52,0.48,0.05,6.8,NULL,0.4,72,NULL,12,NULL,NULL,27.5,NULL,0.04
0010-LYDAGRA,SAHIJINA,Uttar Pradesh,HAMIRPUR,HAMIRPUR,Ganga Basin,0.71,16,1877,2.72,0.19,0.02,0.87,2.1,0.08,0.26,7,29,24.9,19.2,8.3,6.5,6.5,77,NULL,488,0.49,NULL,72,173,186,2,24.3,64.2,44,0.04,0.15,0.04,0.01,8.4,NULL,2.1,72,NULL,36,NULL,317,24,NULL,0.11
0010-LYDAGRA,SAHIJINA,Uttar Pradesh,HAMIRPUR,HAMIRPUR,Ganga Basin,1.2,0,175,0.88,2.57,0.06,7.55,6.15,0.15,0.08,3.2,26,27,0,8.3,NULL,8,99,155,237,0.53,NULL,64,145,210,2.7,19.4,49.7,42,0.38,0,0,0.12,7.5,0.12,1.8,NULL,NULL,9,NULL,154,26.5,NULL,0
002-LYDAGRA,ETAWAH,Uttar Pradesh,ETAWAH,Etawah,Ganga Basin,0.52,0,172.5,6.29,13.09,0.25,1.08,7.55,0.23,0.3,51,66,231.8,0,56.2,NULL,3.11,86,NULL,1410,0.19,NULL,164,367,207,21.5,48.6,177.3,50,1.92,4.01,4.01,1.24,7.6,1.24,4,NULL,NULL,89.9,NULL,917,19.5,NULL,NULL
002-LYDAGRA,ETAWAH,Uttar Pradesh,ETAWAH,Etawah,Ganga Basin,1.37,26.25,238.33,6.46,4.08,0.19,1.65,7.27,0.06,0.04,31,61,257,31.5,39.5,NULL,3.5,92,NULL,1492,0.34,NULL,152,355,223,11.7,48.6,240.1,59,0.37,3.39,3.39,1.07,8.9,0.67,5.6,NULL,NULL,125.9,NULL,970,19,NULL,NULL
002-LYDAGRA,ETAWAH,Uttar Pradesh,ETAWAH,Etawah,Ganga Basin,1.77,0,252,0.75,7.02,0.28,1.45,7.9,NULL,0.21,27.6,56,180.2,0,51.8,NULL,3.5,42,NULL,1161,0.42,140000,140,274,307,15.4,32.1,132.3,50,8.85,9.35,8.31,NULL,7.7,1.08,3.5,NULL,5.5,84.3,280000,731,21,22,1.04
002-LYDAGRA,ETAWAH,Uttar Pradesh,ETAWAH,Etawah,Ganga Basin,0.49,0,64.17,1.09,1.9,0.07,19.11,3.19,0.11,0.22,45,46,103.7,0,35.1,NULL,2.1,52,NULL,714,0.65,NULL,116,189,77,10.9,17.5,73.6,44,1.54,0,0,0.21,7.1,0.15,2.3,NULL,NULL,74,NULL,464,27.5,NULL,NULL
002-LYDAGRA,ETAWAH,Uttar Pradesh,ETAWAH,Etawah,Ganga Basin,1.61,0,252,8.31,10.37,0.09,12.43,7.78,NULL,0.14,12,62,198.8,0,27.8,NULL,7.7,93,NULL,1308,0.38,35000,156,287,307,17.2,31.3,162.8,54,4.35,8.68,7.71,NULL,7.8,1.03,4.2,NULL,NULL,85.4,54000,824,22,26,0.97
002-LYDAGRA,ETAWAH,Uttar Pradesh,ETAWAH,Etawah,Ganga Basin,1,0,139,7.79,13.58,0.05,10.46,19.27,NULL,0.29,17.4,40,87,0,27.8,NULL,5.1,62,NULL,334,0.38,92000,100,165,170,14.9,15.6,70.6,46,2.11,1.81,0.98,NULL,7.8,0.39,2.4,NULL,NULL,60,160000,210,32,80,0.83
002-mgd2lkn,Kachhlabridge,Uttar Pradesh,BUDAUN,Budaun,Ganga Basin,2,0,88,2,2,2,2,2,NULL,NULL,5.48,28.8,9.94,0,15,5.1,NULL,49.4857,NULL,199,0.228,NULL,NULL,109.969,107.36,5.865,9.1125,7.13,11.7154,0.64584,7.4062,7.006,0.134342,8.1,NULL,0.296574,72,NULL,12.96,NULL,125,14,NULL,0.4002
003-mgd2lkn,Fatehgarh,Uttar Pradesh,FARRUKHABAD,Farrukhabad ,Ganga Basin,2,11.952,108,2,2,2,2,2,NULL,NULL,7.08,31.4,8.165,14.4,15,2.94,NULL,34.3057,NULL,240,0.323,NULL,NULL,127.606,102.48,6.256,11.7855,6.21,9.10429,0.71604,10.2776,9.8084,0.175678,8.32,NULL,0.239843,78.5,NULL,21.6,NULL,155,23.5,NULL,0.4692
003-MGD3VNS,Allahabad,Uttar Pradesh,PRAYGRAJ,PRAYGRAJ,Ganga Basin,2,0,160,1,NULL,1.5,2,6,0.22,0.052,3.28,41.84,66,0,16.2,7.38,NULL,82.8618,550,545,0.502,3700,NULL,172.933,195.2,10,16.4,28,24.7988,0.05,0.41,0.41,NULL,8.22,0.038,0.928995,104.6,7.98,37,6200,261,21.5,0.1,0
003-MGD3VNS,Allahabad,Uttar Pradesh,PRAYGRAJ,PRAYGRAJ,Ganga Basin,3,0,176,1,NULL,1.5,2,6,0.204,0.036,2.98,39.11,60,0,15.8,8.12,NULL,100.086,420,418,0.444,4000,NULL,179.942,214.72,10,19.72,31,26.0379,0.05,0.25,0.25,NULL,8,0.001,1.00863,97.775,8.52,42,7800,250,26,0.1,0
003-MGD3VNS,Allahabad,Uttar Pradesh,PRAYGRAJ,PRAYGRAJ,Ganga Basin,4,0,152,2,NULL,4,3,9,0.254,0.04,3.33,36.36,50,0,21.5,7.25,NULL,94.347,390,350,0.416,3800,NULL,164.108,185.44,8,17.57,33,29.292,0.05,0.238204,0.238204,0.010334,8.03,0.022,1.12425,90.9,9.1,42,7500,210,29.5,2.8,0
003-MGD3VNS,Allahabad,Uttar Pradesh,PRAYGRAJ,PRAYGRAJ,Ganga Basin,2.99,24.452,158.19,0.64,NULL,0.564,6.05,11.6,0.099,0.045,4.13,28.35,56.84,29.46,35.2,8.37,NULL,8.38,499,499,0.333,84000,432.5,173,133.09,7.11,21.95,49.93,0,0.05,1.24,1.24,NULL,8.36,0.046,0,NULL,3.88,24.8,110000,256,20,0,0
003-MGD3VNS,Allahabad,Uttar Pradesh,PRAYGRAJ,PRAYGRAJ,Ganga Basin,0.01,0,138.48,NULL,4.18,0.07,1.23,0.65,0.06,0.04,3.42,34.42,19.31,0,31.9,6.81,NULL,NULL,270,260,0.3,13000,86.05,103.02,138.48,4.62,4.12,13.56,NULL,0.09,0.54,0.5,NULL,7.85,0.02,NULL,NULL,4.12,24.9,20000,136,23,1,0.04
003-MGD3VNS,Allahabad,Uttar Pradesh,PRAYGRAJ,PRAYGRAJ,Ganga Basin,0.43,0,112.09,NULL,2.51,0.05,2.24,0.99,0.07,0.04,3.44,34.33,18.24,0,33.1,6.73,NULL,NULL,260,248,0.29,15000,85.82,98.25,112.09,2.24,3.02,11.94,NULL,0.07,1.22,1.2,NULL,7.9,0.03,NULL,NULL,7.51,24.6,22000,134,33,2.5,0.02
003-MGD3VNS,Allahabad,Uttar Pradesh,PRAYGRAJ,PRAYGRAJ,Ganga Basin,5.02,0,127.25,1.97,2.23,0,16.06,0.11,0.06,0.04,2.82,27.68,24.95,0,16.9,6.53,NULL,NULL,270,265,0.25,12000,69.2,112.61,127.25,4.65,10.55,12.91,NULL,0.07,1.5,1.39,NULL,7.64,0.02,NULL,NULL,7.16,27.6,21000,160,31.3,2.6,0.11
003-MGD3VNS,Allahabad,Uttar Pradesh,PRAYGRAJ,PRAYGRAJ,Ganga Basin,0.26,0,159.7,NULL,7.41,0.08,1.83,2.04,0.06,0.02,3.63,28.53,21.08,0,32.7,7.75,NULL,NULL,350,339,0.3,11000,71.32,127.66,159.7,6.95,9.74,21.83,NULL,0.05,1.3,1.3,NULL,7.71,0.03,NULL,NULL,6.18,29.9,15000,202,23,7.8,0
003-MGD3VNS,Allahabad,Uttar Pradesh,PRAYGRAJ,PRAYGRAJ,Ganga Basin,4,6.64,139.301,8,NULL,2,54,30,0.198,0.03,3.15,37.83,35,8,13.9,7.95,NULL,97.9909,320,316,0.46,2200,NULL,184.033,153.68,6,21.47,24,21.5156,0.05,0.462,0.462,NULL,8.59,0.048,0.772271,94.575,7.88,20,5400,202,26,0.1,0
003-MGD3VNS,Allahabad,Uttar Pradesh,PRAYGRAJ,PRAYGRAJ,Ganga Basin,2.4,0,160,2,NULL,2.4,46,7.2,0.22,0.045,2.9,38.95,68,0,16.4,6.5,NULL,84.5144,385,378,0.505,2500,NULL,164.458,195.2,10,16.1,30,27.0209,0.05,0.462,0.462,NULL,8.2,0.038,1.02075,97.375,7.8,35,5200,186,29,0.1,0
003-MGD3VNS,Allahabad,Uttar Pradesh,PRAYGRAJ,PRAYGRAJ,Ganga Basin,4.03,0,163.14,1.69,9.6,0.09,13.12,0.07,0.03,0.03,2.97,55.32,30.86,0,11,6.94,NULL,NULL,250,260,0.31,11000,138.3,180.58,163.14,4.32,10.05,18.18,NULL,0.03,2.19,2.08,NULL,7.95,0.03,NULL,NULL,5.12,31,15000,170,17.4,2.2,0.11
005-LYDAGRA,AURAIYA,Uttar Pradesh,AURAIYA,AURAIYA,Ganga Basin,0.12,0,54.17,NULL,3.33,0.1,2.96,2.83,0.07,0.11,1.15,34,27.3,0,18.6,7.2,5.1,87,NULL,312,0.46,NULL,84,120,65,4.7,8.7,22.8,28,0,1.02,1.02,0,6.8,NULL,0.9,84,NULL,26,NULL,203,25,NULL,NULL
005-LYDAGRA,AURAIYA,Uttar Pradesh,AURAIYA,AURAIYA,Ganga Basin,0.37,0,98,0.33,1.41,0.24,8.35,5.96,NULL,0.25,11.4,27,30.9,0,20.4,NULL,NULL,91,NULL,193,0.19,790,68,96,119,4.7,6.8,32.9,41,0.42,1.81,1.26,0.09,7.9,0.09,1.5,NULL,NULL,20.6,790,NULL,26,1340,NULL
005-LYDAGRA,AURAIYA,Uttar Pradesh,AURAIYA,AURAIYA,Ganga Basin,0.87,0,195,7.8,4.59,0,0.32,9.41,NULL,0.22,1.1,0.22,99.4,0,9.3,NULL,7.9,96,NULL,820,0.38,92000,114,210,238,13.3,23.1,114.8,53,0.14,4.89,4.48,0.2,7.7,0.2,3.5,NULL,NULL,75.4,160000,517,20,34,NULL
005-LYDAGRA,AURAIYA,Uttar Pradesh,AURAIYA,AURAIYA,Ganga Basin,0.66,16,178.67,4.77,2.79,0.13,2.16,3.28,0.1,0.26,2.15,35,74.9,19.2,22.9,8,4.71,93,NULL,675,0.3,NULL,88,210,176,3.5,29.2,72.7,43,0.14,1.3,1.3,0.18,8.6,NULL,2.2,88,NULL,55,NULL,439,23,NULL,NULL
005-LYDAGRA,AURAIYA,Uttar Pradesh,AURAIYA,AURAIYA,Ganga Basin,0.87,11.75,197.67,5.56,7.73,0.27,10.76,6.58,0.75,0.1,4.1,42,90.2,14.1,14.6,NULL,3.99,97,NULL,776,0.44,NULL,104,213,209,7.4,26.2,88.3,46,0.1,0.98,0.98,0.44,8.3,0.44,2.6,NULL,NULL,80,NULL,504,24,NULL,NULL
005-LYDAGRA,AURAIYA,Uttar Pradesh,AURAIYA,AURAIYA,Ganga Basin,3.3,8.5,219,1.22,14.52,0.04,2.52,3.27,NULL,0.17,6,46,124.6,10.2,17.8,NULL,6,73,NULL,922,0.4,14000,116,225,246,9.2,26.2,101.3,48,1.85,5.78,5.6,0.52,8.7,0.52,2.9,NULL,1.5,51.7,28000,581,20,21,NULL
005-mgd3vns,MIRZAPUR,Uttar Pradesh,MIRZAPUR,NAGAR  CITY ,Ganga Basin,8,9.96,160,2,NULL,3,6,10,0.18,0.015,3.32,39.43,54,12,14.2,7.46,NULL,96.9965,410,400,0.515,3100,NULL,169.742,170.8,9,17.08,30,26.5859,0.05,0.423,0.423,NULL,8.26,0.001,1.0048,98.575,7.98,32,5700,238,29,0.1,0
005-mgd3vns,MIRZAPUR,Uttar Pradesh,MIRZAPUR,NAGAR  CITY ,Ganga Basin,47,11.952,111.197,7,NULL,2,15,25,0.22,0.001,2.8,26.93,56,14.4,14.7,8.36,NULL,104.92,350,348,0.47,3100,NULL,151.492,106.38,8,20.2,30,28.8976,0.05,0.522,0.522,NULL,8.65,0.0098,1.06438,67.325,8.34,27,5500,194,27,0.1,0
005-mgd3vns,MIRZAPUR,Uttar Pradesh,MIRZAPUR,NAGAR  CITY ,Ganga Basin,7,19.92,164,2,NULL,3,8,9,0.13,0.001,2.74,37.35,50,24,12.8,7.5,NULL,94.1265,405,397,0.43,3100,NULL,163.708,151.28,10,16.88,30,27.1088,0.05,0.394,0.394,NULL,8.57,0.001,1.0232,93.375,7.97,30,5700,217,27,0.1,0
005-mgd3vns,MIRZAPUR,Uttar Pradesh,MIRZAPUR,NAGAR  CITY ,Ganga Basin,10,19.92,176,2.5,NULL,4,6,12,0.2,0.034,2.96,40.72,54,24,13.8,7.74,NULL,98.8885,402,398,0.468,3200,NULL,168.508,165.92,7,16.01,30,26.9974,0.05,0.29,0.29,NULL,8.5,0.001,1.00834,101.8,8.26,36,6400,236,28,0.1,0
005-mgd3vns,MIRZAPUR,Uttar Pradesh,MIRZAPUR,NAGAR  CITY ,Ganga Basin,9,0,160,2,NULL,3,7,14,0.248,0.04,3.34,37.51,55,0,23.6,7.06,NULL,90.2006,510,500,0.452,3400,NULL,169.4,195.2,10,18.15,34,28.9975,0.05,0.308264,0.308264,0,7.96,0.024,1.14008,93.775,8.2,36,6500,304,28,0.2,0
005-mgd3vns,MIRZAPUR,Uttar Pradesh,MIRZAPUR,NAGAR  CITY ,Ganga Basin,8,0,183.607,2,NULL,2.5,7.5,6,0.212,0.032,4.31,46.49,64,0,18.8,7.06,NULL,95.0202,570,569,0.4,3000,NULL,213.808,224,10,23.42,41,28.369,0.05,0.218,0.218,NULL,8.09,0.028,1.2238,116.225,8.8,42,6000,340,31,NULL,0
005-mgd3vns,MIRZAPUR,Uttar Pradesh,MIRZAPUR,NAGAR  CITY ,Ganga Basin,4.03,23.248,190.388,0.53,NULL,0.27,1.47,14.38,0.061,0.034,3.72,38.01,61.3,28.01,34.2,0,NULL,7.97,575,545,0.347,49000,500,200,175.32,6.38,16.65,54.45,0,0.09,1.821,1.69,NULL,8.43,0.041,0,NULL,NULL,29.3,94000,283,26.4,0,0.031
005-mgd3vns,MIRZAPUR,Uttar Pradesh,MIRZAPUR,NAGAR  CITY ,Ganga Basin,4.27,0,152.25,NULL,3.86,0.05,1.44,1.68,0.04,0.04,3.36,45.7,37.48,0,29.6,8.32,NULL,NULL,430,424,0.3,9100,114.25,143.42,152.25,2.4,7.08,35.54,NULL,0.08,0.93,0.9,NULL,8.13,0.04,NULL,NULL,6.03,33.3,13000,241,29.25,3.2,0.03
005-mgd3vns,MIRZAPUR,Uttar Pradesh,MIRZAPUR,NAGAR  CITY ,Ganga Basin,0.26,16.45,142.85,NULL,2.2,0.06,0.57,1.75,0.05,0.05,3.67,37.81,31.32,16.45,33.7,6.94,NULL,NULL,360,358,0.3,NULL,94.52,109.89,126.4,2.4,3.73,28.84,NULL,0.08,0.71,0.68,NULL,8.32,0.04,NULL,NULL,3.43,25.5,15000,197,31.5,1.5,0.03
005-mgd3vns,MIRZAPUR,Uttar Pradesh,MIRZAPUR,NAGAR  CITY ,Ganga Basin,0.41,0,163.17,NULL,2.16,0.05,1.27,0.04,0.05,0.04,3.52,34,29.81,0,33.9,6.75,NULL,NULL,360,349,0.29,NULL,85,113.88,163.17,2.26,7.02,25.34,NULL,0.07,0.94,0.9,NULL,8.08,0.03,NULL,NULL,5.56,24.5,17000,208,33,6.1,0.04
005-mgd3vns,MIRZAPUR,Uttar Pradesh,MIRZAPUR,NAGAR  CITY ,Ganga Basin,0.94,0,148.61,0.89,4.11,0.02,26.33,0.05,0.04,0.05,3.12,20.96,31.48,0,20.1,6.73,NULL,NULL,340,336,0.26,8200,52.4,118.86,148.61,4.29,16.15,22.47,NULL,0.07,2.04,2,NULL,8.04,0.04,NULL,NULL,5.64,29.5,14000,206,31.6,8.1,0.04
005-mgd3vns,MIRZAPUR,Uttar Pradesh,MIRZAPUR,NAGAR  CITY ,Ganga Basin,1.99,0,202.65,1.11,2.53,0.11,3.39,0.26,0.03,0.04,3.36,54.06,45,0,15.9,7.24,NULL,NULL,300,310,0.27,9200,135.15,241.56,202.65,4.03,25.56,35.32,NULL,0.06,1.25,1.2,NULL,8.01,0.04,NULL,NULL,5.58,26.7,14000,204,20.4,0.5,0.05
006-MGD1LKN,Paliakalan,Uttar Pradesh,KHERI,LAKHIMPUR,Ganga Basin,1,0,176,1,1,1,2,1,1,0.19,1.76,43,12.07,0,10,6.86,NULL,81.5671,NULL,340,0.342,NULL,NULL,202.169,214.72,5.083,22.7205,7.13,6.9605,0.33696,0.517172,0.434372,0.372024,8.2,NULL,0.218876,107.5,NULL,16.8,NULL,210,24.5,NULL,0.0828
006-MGD3VNS,VARANASI,Uttar Pradesh,VARANASI,VARANASI,Ganga Basin,64,19.92,156,10,NULL,5,5,20,0.038,0.03,2.58,51.14,52,24,13.9,8.82,NULL,108.812,370,378,0.588,3700,NULL,188.433,141.52,9,14.54,36,28.2415,0.05,0.357,0.357,NULL,8.57,0.001,1.14379,127.85,8.12,18,6000,238,26.5,0.1,0
006-MGD3VNS,VARANASI,Uttar Pradesh,VARANASI,VARANASI,Ganga Basin,5,0,220,2.5,NULL,3,6,8,0.054,0.032,4.12,62.52,88,0,19.8,7.25,NULL,91.0695,580,577,0.5,3800,NULL,266.092,268.4,15,26.35,55,29.6659,0,0.32,0.32,NULL,8,0.036,1.47124,156.3,9.1,40,8500,348,27.5,0.7,0
006-MGD3VNS,VARANASI,Uttar Pradesh,VARANASI,VARANASI,Ganga Basin,2,13.28,158.634,2,NULL,2.5,7,5,0.015,0.04,3.03,35.59,66,16,13.1,7.74,NULL,100.724,410,401,0.573,3400,NULL,147.517,161,10,14.05,38,34.1443,0.05,0.356,0.356,NULL,8.74,0.001,1.36509,88.975,8.18,28,5600,256,29.5,NULL,0
006-MGD3VNS,VARANASI,Uttar Pradesh,VARANASI,VARANASI,Ganga Basin,6,0,160,3,NULL,4,9,11,0.064,0.038,3.53,38.47,60,0,21.6,8.82,NULL,114.679,490,480,0.602,4800,NULL,173.425,195.2,11,18.54,38,30.7248,0,0.252216,0.252216,0,7.95,0.02,1.25933,96.175,9.2,40,9000,290,29,0.8,0
006-MGD3VNS,VARANASI,Uttar Pradesh,VARANASI,VARANASI,Ganga Basin,2.32,0,131.04,0.89,3.19,0.03,15.54,8.41,0.05,0.04,2.9,21.74,31.68,0,21.1,6.41,NULL,NULL,360,356,0.27,13000,54.35,105.57,131.04,4.48,12.45,24.65,NULL,0.07,1.22,1.21,NULL,8.27,0.06,NULL,NULL,6.98,35.7,21000,225,31,5.8,0.01
006-MGD3VNS,VARANASI,Uttar Pradesh,VARANASI,VARANASI,Ganga Basin,4,19.92,168,2.5,NULL,3,8,8,0.038,0.02,3.02,35.59,64,24,13.6,7.88,NULL,102.457,445,440,0.596,4900,NULL,157.308,156.16,10,16.4,38,32.8328,0,0.252216,0.252216,0,8.7,NULL,1.32219,88.975,8.4,36,9800,254,29,NULL,0
006-MGD3VNS,VARANASI,Uttar Pradesh,VARANASI,VARANASI,Ganga Basin,0.23,0,184.53,0.2,5.59,0.1,5.86,0.74,0.04,0.04,3.43,43.66,43.6,0,25.7,6.78,NULL,NULL,300,316,0.27,10000,109.15,141.05,184.53,4.44,7.76,34.16,NULL,0.05,1.32,1.29,NULL,7.99,0.04,NULL,NULL,6.24,24.6,14000,195,21,0.9,0.03
006-MGD3VNS,VARANASI,Uttar Pradesh,VARANASI,VARANASI,Ganga Basin,0.33,0,143.28,NULL,2.48,0.06,3.9,2.43,0.07,0.05,3.23,33.52,41.38,0,31.1,6.45,NULL,NULL,380,373,0.31,15000,83.8,114.69,143.28,2.61,7.5,29.69,NULL,0.08,0.72,0.71,NULL,7.96,0.05,NULL,NULL,6.98,32.8,24000,226,31,5.4,0.01
006-MGD3VNS,VARANASI,Uttar Pradesh,VARANASI,VARANASI,Ganga Basin,2,19.92,172,2.5,NULL,3,6,6,0.028,0.04,3.24,35.75,70,24,11.7,7.6,NULL,100.542,440,428,0.482,4000,NULL,158.083,161.04,10,16.49,44,36.0385,0.05,0.356,0.356,NULL,8.54,0.001,1.5272,89.375,8.16,30,7800,264,30,0.4,0
006-MGD3VNS,VARANASI,Uttar Pradesh,VARANASI,VARANASI,Ganga Basin,0.59,0,178.44,NULL,2.29,0.07,2.02,0.99,0.08,0.04,3.31,31.35,44.13,0,29.8,6.57,NULL,NULL,430,422,0.4,14000,78.37,132.92,178.44,3.29,13.25,39.48,NULL,0.08,0.39,0.39,NULL,8.05,0.05,NULL,NULL,5.69,35.2,21000,244,31,0.6,0
006-MGD3VNS,VARANASI,Uttar Pradesh,VARANASI,VARANASI,Ganga Basin,7,26.062,174.301,7.72,NULL,0.031,2.23,7.79,2.047,0.038,3.92,36.92,59.36,31.4,32.8,0,NULL,7.77,570,541,0.356,79000,512.333,204.933,148.8,6.8,20.44,54.76,0,0.14,1.606,1.53,NULL,8.72,0.071,0,NULL,5.41,25.9,120000,274,27,0,0.076
009-LYDAGRA,MOHANA,Uttar Pradesh,JALAUN,JALAUN,Ganga Basin,4.46,0,142.5,1.45,6.87,0.23,2.04,9.34,0.14,0.04,3.6,26,20.9,0,8.7,NULL,8,100,NULL,185,0.44,NULL,64,121,171,2.3,13.6,35.2,38,0,0,0,0.02,8.2,0.1,1.4,NULL,NULL,1,NULL,120,27,NULL,0
009-LYDAGRA,MOHANA,Uttar Pradesh,JALAUN,JALAUN,Ganga Basin,0.18,12.5,125.83,1.45,7.35,0.09,1.3,1.98,0.12,0.18,2.6,42,20.9,15,10.4,7.8,7.8,86,NULL,365,0.42,NULL,104,149,121,1.6,10.7,40,37,0,0.05,0.04,0.02,8.4,NULL,1.4,0,NULL,35,NULL,365,20,NULL,0.01
009-LYDAGRA,MOHANA,Uttar Pradesh,JALAUN,JALAUN,Ganga Basin,0.18,0,10,1.45,7.35,0.09,22,1.98,1.12,0.11,2.4,22,9.9,0,6.2,6.8,6.8,88,NULL,113,0.25,NULL,56,68,12,2.3,2.9,7.8,19,0.01,0.57,0.53,0,6.7,NULL,0.4,56,NULL,5,NULL,73,29,NULL,0.04
009-MGD3VNS,SULTANPUR,Uttar Pradesh,SULTANPUR,DUBEY PUR,Ganga Basin,3,0,164,3,NULL,2,6,7,0.286,0.032,3.14,49.69,40,0,22.4,6.86,NULL,78.4628,620,610,0.442,2300,NULL,205.558,200.08,11,19.52,27,21.1922,0.05,0.378324,0.378324,0,8.1,0.188,0.82166,124.225,9.6,32,4200,368,22,3.2,0
009-MGD3VNS,SULTANPUR,Uttar Pradesh,SULTANPUR,DUBEY PUR,Ganga Basin,0.26,0,402.52,0.63,2.29,0.1,8.46,7.25,0.05,0.08,3.28,79.27,64.91,0,19.6,6.13,NULL,NULL,530,536,0.23,13000,198.17,314.81,402.52,7.96,28.34,63.68,NULL,0.03,4.46,4.4,NULL,8.15,0.05,NULL,NULL,4.12,25.6,21000,330,20,0.7,0.06
009-MGD3VNS,SULTANPUR,Uttar Pradesh,SULTANPUR,DUBEY PUR,Ganga Basin,1.72,0,155.26,0.25,2.41,0.06,11.23,0.76,0.08,0.05,3.49,31.91,19.4,0,24.3,5.93,NULL,NULL,330,326,0.29,13000,79.77,123.33,155.26,5.21,10.74,18.72,NULL,0.08,3.09,3.04,NULL,8.06,0.05,NULL,NULL,5.51,14.8,20000,198,32.5,6.1,0.05
009-MGD3VNS,SULTANPUR,Uttar Pradesh,SULTANPUR,DUBEY PUR,Ganga Basin,2,19.92,159.197,2,NULL,3,2,6,0.224,0.02,2.7,44.56,30,24,14.1,6.8,NULL,85.3414,340,332,0.277,1700,NULL,195.983,145.42,9,20.3,20,17.4187,0.05,0.635,0.635,NULL,8.62,0.172,0.623448,111.4,8.22,24,3200,234,27,NULL,0
009-MGD3VNS,SULTANPUR,Uttar Pradesh,SULTANPUR,DUBEY PUR,Ganga Basin,2,6.64,137.333,2,NULL,2.5,5,5,0.236,0.0264,2.88,46.49,24,8,13.8,7.78,NULL,101.157,350,344,0.358,2400,NULL,178.058,151.28,8,14.84,20,18.8472,0.05,0.334,0.334,NULL,8.5,0.001,0.653781,116.225,8.72,22,3800,212,29,NULL,0
009-MGD3VNS,SULTANPUR,Uttar Pradesh,SULTANPUR,DUBEY PUR,Ganga Basin,2.5,0,228,1.5,NULL,2.5,4.5,6,0.226,0.036,4.51,56.11,44,0,20.1,4.9,NULL,62.6038,660,650,0.46,2600,NULL,241.942,278.16,11,24.4,32,21.4761,0,0.346,0.346,NULL,7.91,0.186,0.897734,140.275,8,32,5000,390,28,NULL,0
009-MGD3VNS,SULTANPUR,Uttar Pradesh,SULTANPUR,DUBEY PUR,Ganga Basin,4.2,16.036,179.93,7.33,NULL,0.304,3.23,8.35,0.042,0.042,4.32,37.69,20.18,19.32,32.8,0,NULL,6.54,405,373,0.237,40000,496.667,198.667,180.23,4.28,16.65,22.25,0,0.05,1.36,1.279,NULL,8.78,0.128,0,NULL,2.99,23.9,84000,189,28,0,0.081
009-MGD3VNS,SULTANPUR,Uttar Pradesh,SULTANPUR,DUBEY PUR,Ganga Basin,0.31,20.01,244.65,NULL,2.58,0.1,1.38,0.04,0.09,0.05,4.26,39.94,52.16,20.01,40.1,6.3,NULL,NULL,510,503,0.33,13000,99.85,320,224.64,4.01,53.5,34.25,NULL,0.09,2.35,2.31,0.05,8.63,0.05,NULL,NULL,7.06,32.2,25000,299,32.5,4.3,0.04
009-MGD3VNS,SULTANPUR,Uttar Pradesh,SULTANPUR,DUBEY PUR,Ganga Basin,3,19.92,144,9,NULL,6,67,20,0.232,0.001,2.88,63,28,24,10.12,7.78,NULL,97.727,396,389,0.295,1800,NULL,208.333,126.88,8,12.2,20,16.6578,0.05,0.712,0.712,NULL,8.75,0.196,0.604079,157.5,8.1,20,3200,198,27.5,0.1,0
009-MGD3VNS,SULTANPUR,Uttar Pradesh,SULTANPUR,DUBEY PUR,Ganga Basin,2,19.92,159.197,2,NULL,3,3,5,0.226,0.226,3.12,43.6,32,24,14.6,6.88,NULL,83.2627,375,368,0.304,1600,NULL,178.125,145.42,9,16.59,25,22.3815,0.05,0.466,0.466,NULL,8.35,0.1812,0.817252,109,8.24,22,3200,234,25,NULL,0
010-MGD1LKn,Elginbridge,Uttar Pradesh,BARABANKI,FATEHPUR,Ganga Basin,1,3.984,164,1,1,1,2,1,1,0.17,0.98,37.8,9.94,4.8,6,7.06,NULL,83.9452,NULL,260,0.304,NULL,NULL,171.956,190.32,3.91,18.5895,6.44,7.37901,0.30888,0.42036,0.42036,0.320354,8.3,NULL,0.214339,94.5,NULL,16.32,NULL,168,24.5,NULL,0
011-MGD1LKN,Ayodhya,Uttar Pradesh,Ayodhya,Ayodhya,Ganga Basin,1,3.984,168,1,1,1,2,1,1,0.18,1.38,39.6,9.94,4.8,7,7.06,NULL,79.1924,NULL,290,0.323,NULL,NULL,176.456,195.2,4.301,18.5895,6.44,7.18994,0.32292,0.434372,0.434372,0.341022,8.3,NULL,0.211575,99,NULL,16.32,NULL,183,21,NULL,0
011-mgd2lkn,Ankinghat,Uttar Pradesh,KANPUR NAGAR,BILHAUR,Ganga Basin,2,0,96,2,2,2,2,2,NULL,NULL,9.42,34.2,19.88,0,28,3.14,NULL,37.301,NULL,310,0.456,NULL,NULL,157.894,117.12,5.865,17.3745,10.58,12.283,0.81432,9.91032,9.24792,0.217014,8.16,NULL,0.36749,85.5,NULL,41.28,NULL,190,24,NULL,0.6624
012-MGD1LKN,Turtipar,Uttar Pradesh,BALLIA,Belthara Road **,Ganga Basin,1,0,164,1,1,1,2,1,1,0.18,1.57,41.2,12.07,0,9,6.86,NULL,83.0207,NULL,320,0.323,NULL,NULL,189.062,200.08,4.692,20.655,6.9,7.1873,0.33696,0.558572,0.434372,0.351356,8.23,NULL,0.219019,103,NULL,16.8,NULL,200,25,NULL,0.1242
012-mgd2lkn,Kanpur,Uttar Pradesh,KANPUR NAGAR,Kanpur Nagar,Ganga Basin,2,7.968,96,2,2,2,2,2,NULL,NULL,9.36,32.2,19.88,9.6,20,4.7,NULL,53.7573,NULL,310,0.456,NULL,NULL,135.681,97.6,6.256,13.2435,10.35,13.6138,0.74412,9.18212,8.54732,0.196346,8.33,NULL,0.387706,80.5,NULL,29.28,NULL,190,22,NULL,0.6348
013-mgd3vns,CHOPAN,Uttar Pradesh,SONBHADRA,ROBERTSGANJ,Ganga Basin,7,39.84,168,20,NULL,2.6,13,6,0.195,0.042,2.15,32.22,24,48,11.1,7.24,NULL,89.2395,212,205,0.282,900,NULL,161.05,107.36,8,19.32,16,16.9816,0.05,0.358,0.358,NULL,8.73,0.001,0.5504,80.55,8.42,16,2600,95,26,0.1,0
013-mgd3vns,CHOPAN,Uttar Pradesh,SONBHADRA,ROBERTSGANJ,Ganga Basin,8,0,128,17,NULL,2,11,11,0.224,0.042,2.74,33.66,28,0,16.2,7.64,NULL,85.781,260,250,0.38,1200,NULL,163.858,156.16,10,19.13,17,17.4023,0,0.21018,0.21018,0.010334,7.85,0.02,0.579725,84.15,7.68,26,3000,150,21.5,0.4,0
013-mgd3vns,CHOPAN,Uttar Pradesh,SONBHADRA,ROBERTSGANJ,Ganga Basin,1.15,0,79.93,NULL,2,0.08,4.48,1.63,0.07,0.04,3.23,20.36,16.15,0,29.9,6.65,NULL,NULL,170,158,0.42,5600,50.9,65.45,79.93,1.11,3.53,12.42,NULL,0.05,0.32,0.29,NULL,7.08,0.04,NULL,NULL,6.47,14.9,8200,86,25.5,0.4,0.03
013-mgd3vns,CHOPAN,Uttar Pradesh,SONBHADRA,ROBERTSGANJ,Ganga Basin,6.21,0,62.6,0.69,5.3,0.05,8.62,1.98,0.06,0.04,3.04,35.5,18.41,0,21.3,6.79,NULL,NULL,150,146,0.28,4000,88.75,115.74,62.2,2.51,6.56,6.32,NULL,0.06,3.04,3.01,NULL,8,0.04,NULL,NULL,7.24,36.4,6100,98,25,3.2,0.03
013-mgd3vns,CHOPAN,Uttar Pradesh,SONBHADRA,ROBERTSGANJ,Ganga Basin,110,19.92,123.098,18,NULL,5,8,20,0.176,0.03,2.72,26.61,20,24,9.2,7.66,NULL,94.4164,175,169,0.262,800,NULL,160.858,101.38,7,22.64,14,15.3046,0.05,0.388,0.388,NULL,8.72,0.0124,0.482111,66.525,8.16,14,2200,116,26,0.1,0
013-mgd3vns,CHOPAN,Uttar Pradesh,SONBHADRA,ROBERTSGANJ,Ganga Basin,7.2,0,92,19,NULL,1.8,12.3,9,0.234,0.04,2.68,34.3,28,0,11.6,7.76,NULL,93.9979,252,243,0.38,1400,NULL,169.542,112.24,6,20.11,16,16.5077,0.05,0.256,0.256,NULL,8.13,0.0082,0.536423,85.75,8.48,16,2700,146,25.5,0.1,0
013-mgd3vns,CHOPAN,Uttar Pradesh,SONBHADRA,ROBERTSGANJ,Ganga Basin,0.52,0,114.81,0.79,2.95,0.08,8.36,2.26,0.04,0.06,2.04,24.11,20.91,0,10.1,6.27,NULL,NULL,160,157,0.38,3700,60.27,95.74,114.81,2.12,8.62,10.82,NULL,0.02,1.74,1.7,NULL,7.92,0.04,NULL,NULL,3.41,7.6,5600,101,21.25,0.5,0.04
013-mgd3vns,CHOPAN,Uttar Pradesh,SONBHADRA,ROBERTSGANJ,Ganga Basin,110,19.92,120.984,18,NULL,5,8,20,0.155,0.05,2.68,29.86,22,24,12,7.52,NULL,96.0777,180,176,0.227,900,NULL,152.317,98.8,7,18.64,14,15.9749,0.05,0.295,0.295,NULL,8.8,0.001,0.495241,74.65,8.3,16,2800,106,28,0.1,0
013-mgd3vns,CHOPAN,Uttar Pradesh,SONBHADRA,ROBERTSGANJ,Ganga Basin,0.54,0,80,NULL,1.34,0.06,0.78,0.59,0.07,0.04,3.17,21.01,15.49,0,28.8,6.51,NULL,NULL,180,172,0.39,8300,52.52,70.18,80,1.27,4.29,9.51,NULL,0.06,0.34,0.31,NULL,7.81,0.04,NULL,NULL,5.83,11.1,11000,105,24.25,3.5,0.03
013-mgd3vns,CHOPAN,Uttar Pradesh,SONBHADRA,ROBERTSGANJ,Ganga Basin,8.5,0,104,9.5,NULL,2,7,6.5,0.174,0.026,2.74,20.84,18,0,4.1,7.25,NULL,87.8202,190,189,0.26,1200,NULL,96.85,126.88,5,10.74,12,20.2814,0,0.164,0.164,NULL,7.87,0.012,0.532209,52.1,6.8,11,3400,114,25.5,1.1,0
013-mgd3vns,CHOPAN,Uttar Pradesh,SONBHADRA,ROBERTSGANJ,Ganga Basin,9,0,92,23,NULL,2.5,10.5,14,0.202,0.042,2.68,32.22,26,0,11.2,7.32,NULL,91.8675,235,230,0.312,900,NULL,157.8,112.24,8,18.54,14,15.428,0.05,0.356,0.356,NULL,8.28,0.001,0.486507,80.55,8.42,14,2400,148,27,0.1,0
014-LYDAGRA,BANDA,Uttar Pradesh,BANDA,Banda,Ganga Basin,0.93,25.75,131.5,4.81,3.57,0.13,1.79,2.59,0.18,0.07,1.4,29,15.3,30.9,14.7,5.7,5.7,68,NULL,342,0.21,NULL,72,141,96,2.7,16.5,23.5,26,0.11,0.17,0.14,0.02,8.6,NULL,0.9,72,NULL,20,NULL,222,24.5,NULL,0.03
014-LYDAGRA,BANDA,Uttar Pradesh,BANDA,Banda,Ganga Basin,0.57,0,18.33,5.97,1.55,0.09,0.82,2.91,0.17,0.14,1.2,22,13.8,0,2.1,5.9,5.9,74,NULL,127,0.21,NULL,56,76,22,2.3,4.9,12.4,26,0,0.5,0.43,0.07,6.8,NULL,0.62,56,NULL,17.9,NULL,83,27.5,NULL,0.07
014-LYDAGRA,BANDA,Uttar Pradesh,BANDA,Banda,Ganga Basin,0.18,0,64,0.03,4.09,0.22,0.53,5.5,NULL,0.07,7.4,19,7.8,0,16.7,NULL,6,94,NULL,240,0.19,1400,48,68,78,2,4.9,7.1,18,0.28,1.43,1.4,0.01,8,NULL,0.4,NULL,NULL,4.3,1700,151,22,420,0.03
014-LYDAGRA,BANDA,Uttar Pradesh,BANDA,Banda,Ganga Basin,0.84,0,158,1.69,5.54,0.1,0.64,4.55,NULL,0.04,1.6,41,19.9,0,13,NULL,7.8,94,NULL,368,0.38,3300,103,137,193,2.7,8.3,26.2,29,0.28,0.7,0.42,0.12,8.2,NULL,1,NULL,NULL,8.6,3900,232,19,4,0.28
014-LYDAGRA,BANDA,Uttar Pradesh,BANDA,Banda,Ganga Basin,2.13,8.5,202,3.44,12.85,0.11,0.78,2.87,NULL,0.06,3,27,26.8,10.2,10.4,NULL,6.8,11,NULL,446,0.42,14000,68,129,226,3.4,14.6,43.7,42,6.88,0.89,0.57,0.28,8.7,0.03,1.7,NULL,12,7.2,17000,281,24,50,0.32
015- MGD3VNS,SHAHJADPUR,Uttar Pradesh,KAUSHAMBI,MANJHANPUR,Ganga Basin,2,19.92,131.803,8,NULL,3,62,20,0.185,0.04,2.84,39.75,36,24,19.6,7.94,NULL,97.8676,363,359,0.0566,1800,NULL,186.417,112,7,20.89,25,21.8836,0.05,0.15,0.15,NULL,8.59,0.001,0.799207,99.375,9.58,32,4800,212,26,0.1,0
015- MGD3VNS,SHAHJADPUR,Uttar Pradesh,KAUSHAMBI,MANJHANPUR,Ganga Basin,2,0,124,1,NULL,2,2,5,0.347,0.05,2.8,37.83,45,0,16.2,7.68,NULL,99.9427,410,401,0.431,1700,NULL,181.992,151.28,9,20.98,28,24.0583,0.05,0.231,0.231,NULL,8.48,0.001,0.905994,94.575,9.53,37,4200,241,29.5,0.1,0
015- MGD3VNS,SHAHJADPUR,Uttar Pradesh,KAUSHAMBI,MANJHANPUR,Ganga Basin,2.1,0,128,1,NULL,0.042,2,6.1,0.295,0.05,2.24,38.95,45,0,16.8,7,NULL,92.6048,380,372,0.457,3400,NULL,164.167,156.16,10,16.03,29,26.3893,0.05,0.227,0.227,NULL,8.68,0.001,0.987592,97.375,9.52,37,1800,219,30,1,0
015- MGD3VNS,SHAHJADPUR,Uttar Pradesh,KAUSHAMBI,MANJHANPUR,Ganga Basin,2,0,191.803,1.5,NULL,2,3.5,5.5,0.256,0.028,3.33,43.28,47,0,17.8,6.86,NULL,87.7215,510,505,0.4,2500,NULL,193.617,234,10,20.5,30,24.1319,0.05,0.272,0.272,NULL,7.88,0.028,0.940918,108.2,8,35,6000,305,28.5,1.1,0
015- MGD3VNS,SHAHJADPUR,Uttar Pradesh,KAUSHAMBI,MANJHANPUR,Ganga Basin,5,0,154.574,0.49,NULL,0.223,1.47,5.26,0.046,0.041,3.81,24.3,37.25,0,31.6,8.37,NULL,8.17,426,380,0.303,41000,373.188,149.275,188.58,6.31,19.21,31.98,0,0.09,1.24,1.24,NULL,7.7,0.058,0,NULL,7.88,22.3,84000,194,20.5,0,0
015- MGD3VNS,SHAHJADPUR,Uttar Pradesh,KAUSHAMBI,MANJHANPUR,Ganga Basin,1.75,0,162.22,1.47,0.24,0.09,4.16,0.64,0.02,0.02,2.74,46.49,32.45,0,13.2,7.38,NULL,NULL,260,267,0.28,6800,116.23,138.6,138.6,4.47,5.27,18.54,NULL,0.06,1.57,1.51,NULL,7.37,0.02,NULL,NULL,3.74,24.6,9300,165,19.7,0.9,0.06
015- MGD3VNS,SHAHJADPUR,Uttar Pradesh,KAUSHAMBI,MANJHANPUR,Ganga Basin,0.5,0,103.5,NULL,1.91,0.04,1.15,0.88,0.06,0.04,3.56,34.17,18.24,0,33.4,6.87,NULL,NULL,250,245,0.3,8200,85.42,97.44,103.5,2.46,2.92,9.09,NULL,0.09,0.67,0.6,NULL,7.63,0.03,NULL,NULL,6.47,22.8,11000,149,33.2,2.8,0.07
015- MGD3VNS,SHAHJADPUR,Uttar Pradesh,KAUSHAMBI,MANJHANPUR,Ganga Basin,3.36,0,126.77,1.78,2.66,0,4.1,0.87,0.07,0.05,3.14,30.76,23.56,0,22.8,6.81,NULL,NULL,290,280,0.27,11000,76.9,102.83,126.77,5.65,6.18,13.31,NULL,0.11,1.39,1.31,NULL,7.22,0.03,NULL,NULL,7.12,23.4,17000,178,30.6,2.4,0.08
015- MGD3VNS,SHAHJADPUR,Uttar Pradesh,KAUSHAMBI,MANJHANPUR,Ganga Basin,2,6.64,149.333,1,NULL,2.5,3,5,0.314,0.038,2.82,36.22,46,8,14,7.88,NULL,107.961,410,408,0.416,5000,NULL,188.967,165.92,9,23.62,28,23.4248,0.05,0.238,0.238,NULL,8.8,0.001,0.889309,90.55,9.58,38,2000,250,32.5,1,0
015- MGD3VNS,SHAHJADPUR,Uttar Pradesh,KAUSHAMBI,MANJHANPUR,Ganga Basin,3,0,127.869,2,NULL,3,3,6,0.256,0.042,3.12,42.32,44,0,19.2,6.08,NULL,77.6798,350,340,0.42,2300,NULL,165.967,156,7,14.44,28,25.929,0.05,0.224192,0.224192,0,8.07,0.016,0.948127,105.8,9.4,40,4900,210,28,0.6,0
015- MGD3VNS,SHAHJADPUR,Uttar Pradesh,KAUSHAMBI,MANJHANPUR,Ganga Basin,1.8,0,153.65,NULL,12.25,0.07,1.67,1.39,0.07,0.02,3.26,31.84,20.11,0,28.4,8.28,NULL,NULL,330,328,0.3,9200,79.6,127.26,153.65,6.91,11.58,19.16,NULL,0.08,0.72,0.64,NULL,8.11,0.06,NULL,NULL,7.92,30,12000,194,27.5,7.2,0.08
015- MGD3VNS,SHAHJADPUR,Uttar Pradesh,KAUSHAMBI,MANJHANPUR,Ganga Basin,0.76,0,130.12,NULL,2.32,0.04,1.1,1.41,0.08,0.03,3.58,33.61,21.87,0,32.6,6.98,NULL,NULL,330,320,0.31,10000,84.02,112.31,130.12,2.53,6.87,12.2,NULL,0.09,0.68,0.6,NULL,7.46,0.02,NULL,NULL,4.23,27.2,13000,162,31.1,1.4,0.08
016-LYDAGRA,HAMIRPUR,Uttar Pradesh,HAMIRPUR,HAMIRPUR,Ganga Basin,1.54,18.5,213.67,7.56,8.98,0.07,0.77,12.58,0.25,0.11,1.25,46,105.4,22.2,22.9,NULL,8.5,10,NULL,459,0.48,NULL,116,221,212,9.2,25.3,100.7,49,0.18,1.08,1.08,0.48,8.9,0.48,3,NULL,NULL,92.9,NULL,298,25.5,NULL,NULL
016-LYDAGRA,HAMIRPUR,Uttar Pradesh,HAMIRPUR,HAMIRPUR,Ganga Basin,1.02,0,95,0.75,4.98,0.23,3.7,3.68,NULL,0.14,7,26,25.2,0,11.1,NULL,9.2,11,NULL,137,0.19,1400,64,92,115,4.3,6.8,28.5,39,0.42,1.3,1.26,NULL,7.9,0.05,1.3,NULL,NULL,15.8,1700,86,26.5,1608,0.04
016-LYDAGRA,HAMIRPUR,Uttar Pradesh,HAMIRPUR,HAMIRPUR,Ganga Basin,1.72,4.2,231,1.31,2.34,0,0.94,3.76,NULL,0.59,3.2,46,120.8,5.1,11.8,NULL,6.6,80,NULL,965,0.4,17000,115,240,271,9.3,30.1,101.4,47,1.97,4.31,4.2,NULL,8.5,0.47,2.9,NULL,6,47,35000,608,24,29,0.11
016-LYDAGRA,HAMIRPUR,Uttar Pradesh,HAMIRPUR,HAMIRPUR,Ganga Basin,0.07,0,34.17,4,3.69,0.1,15.46,2.88,0.08,0.22,1.4,26,29.5,0,12.4,7.8,7.8,98,NULL,290,0.49,NULL,64,129,41,4.3,8.7,22.5,32,0,0.91,0.91,0.05,6.9,NULL,1,64,NULL,21,NULL,189,27,NULL,NULL
016-LYDAGRA,HAMIRPUR,Uttar Pradesh,HAMIRPUR,HAMIRPUR,Ganga Basin,1.56,0,205,1.48,14.04,0.08,3.89,3.09,NULL,0.14,2.2,46,99.4,0,13,NULL,7.5,91,NULL,808,0.38,2200,114,210,249,6.6,23.1,101,50,0.14,4.9,4.76,NULL,8.1,0.31,3,NULL,NULL,49.4,3900,509,17.5,19,0.14
016-LYDAGRA,HAMIRPUR,Uttar Pradesh,HAMIRPUR,HAMIRPUR,Ganga Basin,0.69,16,194.5,8.41,1.71,0.03,1.19,2.71,0.05,0.33,1.06,51,84.5,19.2,29.1,6,6,69,NULL,739,0.27,NULL,128,225,195,4.7,23.3,78.2,43,0.15,1.95,1.95,0.36,8.6,NULL,2.3,0,NULL,55,NULL,480,22,NULL,NULL
016-MGD3VNS,PRATAPGARH,Uttar Pradesh,PRATAPGARH,KUNDA,Ganga Basin,0.38,46.74,228.56,NULL,1.83,0.3,2.45,0.65,0.28,0.04,3.71,32.32,136.17,56.31,35.8,0,NULL,8.37,950,910,0.39,14000,507.73,203.09,164.34,10.24,27.37,111.03,0,0.12,2.972,2.89,NULL,8.98,0.14,0,NULL,10.34,31.4,24000,561,32,0,0.08
016-MGD3VNS,PRATAPGARH,Uttar Pradesh,PRATAPGARH,KUNDA,Ganga Basin,5,0,288,4,NULL,2,5,8,0.266,0,7.05,60.91,46,0,22.5,3.92,NULL,44.8359,720,700,0.486,1400,NULL,294.608,351.36,12,34.16,32,18.4372,0,0.266228,0.266228,0,8.1,0.026,0.813818,152.275,9.84,34,2700,430,22,0.2,0
016-MGD3VNS,PRATAPGARH,Uttar Pradesh,PRATAPGARH,KUNDA,Ganga Basin,2.05,0,144.34,0.94,3.04,0.02,4.69,0.89,0.04,0.02,2.49,26.28,25.54,0,14.5,6.61,NULL,NULL,370,341,0.36,9200,65.7,102.05,144.34,4.14,8.84,35.92,NULL,0.06,1.81,1.78,NULL,7.88,0.04,NULL,NULL,7.58,38.5,14000,228,30.5,3.8,0.03
016-MGD3VNS,PRATAPGARH,Uttar Pradesh,PRATAPGARH,KUNDA,Ganga Basin,0.7,45.26,297.65,1.69,2.91,0.08,6.13,3.81,0.23,0.09,2.36,39.72,80.64,45.26,13.4,6.21,NULL,NULL,510,504,0.36,6100,99.3,211.18,252.39,3.32,27.19,82.16,NULL,0.06,0.84,0.82,NULL,8.52,0.04,NULL,NULL,5.66,41.9,9300,318,19,0.2,0.02
017-MGD2LKN,Garhmukteshwar,Uttar Pradesh,Hapur,Hapur,Ganga Basin,2,11.952,100,1,1,1,2,2,NULL,NULL,6.28,29.6,8.165,14.4,21,4.9,NULL,51.811,NULL,210,0.437,NULL,NULL,120.575,92.72,5.083,11.178,5.98,9.33275,0.67392,6.62068,6.16528,0.186012,8.37,NULL,0.2376,74,NULL,20.64,NULL,130,18.5,NULL,0.4554
018-LYDAGRA,RAJAPUR,Uttar Pradesh,CHITRAKOOT,MAU,Ganga Basin,0.16,0,129.17,5.88,2.18,0.06,7.77,2.74,0.08,0.18,12,16,41.2,0,12.4,NULL,4.62,NULL,NULL,488,0.49,NULL,40,214,155,3.5,41.8,24.2,20,0,2.41,2.19,0.02,7,NULL,0.7,40,NULL,12,NULL,317,29.5,NULL,0.22
018-LYDAGRA,RAJAPUR,Uttar Pradesh,CHITRAKOOT,MAU,Ganga Basin,0.63,21,204.5,5.37,2.09,0.05,0.72,3.65,0.07,0.28,1.9,32,78.5,25.2,12.5,14.3,4.56,NULL,NULL,722,0.34,NULL,80,234,195,3.5,36.9,74.1,41,0.11,1.16,1.13,0.22,8.6,NULL,2.1,80,NULL,51,NULL,469,26.5,NULL,0.03
018-LYDAGRA,RAJAPUR,Uttar Pradesh,CHITRAKOOT,MAU,Ganga Basin,1.17,30.25,174.67,NULL,7.86,0.06,0.18,10.81,NULL,0.12,5,30,90.2,36.3,29.1,NULL,5.01,0,NULL,379,0.5,NULL,76,173,137,7.4,23.3,89.7,52,0.18,0.28,0.28,0.16,8.7,0.16,3,NULL,NULL,57,NULL,246,26,NULL,NULL
018-MGD1LKN,Balrampur,Uttar Pradesh,BALRAMPUR,BALRAMPUR,Ganga Basin,1,7.968,168,1,1,1,2,1,1,0.17,0.98,37.8,9.94,9.6,7,7.06,NULL,87.0208,NULL,290,0.304,NULL,NULL,176.006,185.44,3.91,19.5615,6.67,7.46558,0.32292,0.434372,0.434372,0.330688,8.3,NULL,0.219439,94.5,NULL,16.32,NULL,186,26,NULL,0
018-MGD2LKN,Bhitaura,Uttar Pradesh,FATEHPUR,BHITAURA,Ganga Basin,2,0,108,2,2,2,2,2,NULL,NULL,19.6,37.2,37.985,0,29,0.98,NULL,11.6417,NULL,440,0.494,NULL,NULL,162.863,131.76,10.166,16.767,20.24,20.1159,0.85644,10.6523,9.94852,0.289352,7.83,NULL,0.692107,93,NULL,44.16,NULL,270,24,NULL,0.7038
018-mgd3vns,MAIGHAT,Uttar Pradesh,JAUNPUR,Jaunpur ,Ganga Basin,7.8,0,228,7,NULL,2.5,9,7,0.192,0,4.51,46.49,50,0,24.2,5.68,NULL,75.2064,680,670,0.524,2500,NULL,238.225,278.16,12,29.28,34,22.6991,0,0.192,0.192,NULL,8.19,0.184,0.961728,116.225,9.6,38,4500,402,30.5,1.4,0
018-mgd3vns,MAIGHAT,Uttar Pradesh,JAUNPUR,Jaunpur ,Ganga Basin,0.36,59.41,203.93,NULL,2.18,0.13,2.14,0.08,0.08,0.04,3.38,36.04,50.04,59.41,32.4,6.4,NULL,NULL,540,534,0.33,11000,90.1,197.96,144.52,4.32,26.21,48.41,NULL,0.08,0.03,NULL,NULL,9,0.06,NULL,NULL,5.67,34,17000,246,32,1.1,0.03
018-mgd3vns,MAIGHAT,Uttar Pradesh,JAUNPUR,Jaunpur ,Ganga Basin,4.47,21.248,187.986,8.09,NULL,0.812,2.99,7.6,0.078,0.04,3.91,36.6,23.47,25.6,32.8,0,NULL,6.75,403,397,0.258,32000,511.375,204.55,177.29,4.43,20.82,25.56,0,0.18,1.226,1.175,NULL,8.76,0.092,0,NULL,4.13,25.9,79000,201,29,0,0.051
018-mgd3vns,MAIGHAT,Uttar Pradesh,JAUNPUR,Jaunpur ,Ganga Basin,6.8,19.92,196,7,NULL,2.5,5.6,1.5,0.078,0.046,2.24,29.17,40,24,11.3,7.28,NULL,93.0923,310,306,0.38,1000,NULL,199.008,190.32,7,30.26,25,20.8632,0.05,0.1662,0.1562,NULL,8.78,0.0625,0.774203,72.925,7.96,20,2100,160,28.5,0.1,0.01
018-mgd3vns,MAIGHAT,Uttar Pradesh,JAUNPUR,Jaunpur ,Ganga Basin,NULL,19.92,188,7,NULL,5,56,15,0.056,0.03,2.32,34.3,36,24,9.16,7.52,NULL,99.4841,320,312,0.295,1100,NULL,185.375,180.56,8,23.91,26,22.552,0.05,0.1604,0.1604,NULL,8.4,0.052,0.833823,85.75,8.14,23,2400,156,30,0.1,0
018-mgd3vns,MAIGHAT,Uttar Pradesh,JAUNPUR,Jaunpur ,Ganga Basin,0.44,50.29,338,0.84,1.34,0.08,4.32,43.81,0.36,0.06,2.34,56.89,67.89,50.89,16.3,6.37,NULL,NULL,550,543,0.26,8300,142.22,260.83,287.71,6.83,28.82,65.86,NULL,0.04,3.29,3.25,NULL,8.62,0.06,NULL,NULL,3.34,30.8,11000,336,24.5,1,0.04
018-mgd3vns,MAIGHAT,Uttar Pradesh,JAUNPUR,Jaunpur ,Ganga Basin,1.32,0,148.14,0.47,2.77,0.09,22.22,0.23,0.07,0.04,3.04,29.25,16.63,0,16.8,6.25,NULL,NULL,320,317,0.28,8200,73.12,114.17,148.14,5.02,9.98,19.17,NULL,0.08,3.44,3.41,NULL,8.12,0.06,NULL,NULL,6.12,16.3,15000,203,30.5,4.6,0.03
018-mgd3vns,MAIGHAT,Uttar Pradesh,JAUNPUR,Jaunpur ,Ganga Basin,0.37,11.56,156.08,NULL,1.9,0.43,1.21,0.45,0.08,0.04,3.42,50.69,53.34,11.56,33.7,6.3,NULL,NULL,620,611,0.32,13000,126.72,207.72,144.52,4.64,19.68,52.89,NULL,0.08,0.03,NULL,NULL,8.52,0.06,NULL,NULL,6.83,39.8,21000,368,34,1.7,0.03
018-mgd3vns,MAIGHAT,Uttar Pradesh,JAUNPUR,Jaunpur ,Ganga Basin,11,0,212,14,NULL,6,11,8,0.282,0,3.33,38.79,56,0,20.4,6.66,NULL,86.5947,610,600,0.55,1700,NULL,205.142,258.64,11,25.96,40,28.5546,0,0.182156,0.182156,0.05167,8.1,0.166,1.21937,96.975,10.4,40,3200,360,29,0.2,0
018-mgd3vns,MAIGHAT,Uttar Pradesh,JAUNPUR,Jaunpur ,Ganga Basin,10.4,0,151.73,16,NULL,9,12,6.2,0.148,0.036,2.84,33.02,38,0,13.4,7.68,NULL,99.857,325,316,0.434,1700,NULL,166.342,185.11,8,20.11,31,27.7699,0.05,0.088,0.088,NULL,8.2,0.1322,1.04932,82.55,10.9,24,3100,165,29,NULL,0
018-mgd3vns,MAIGHAT,Uttar Pradesh,JAUNPUR,Jaunpur ,Ganga Basin,9.5,19.92,171.967,16,NULL,26,13,3,0.01,0.028,2.94,34.62,56,24,11.2,7.4,NULL,97.9802,370,349,0.31,1100,NULL,186.175,161,10,23.91,34,27.2366,0.05,0.23,0.23,NULL,8.65,0.086,1.08803,86.55,8.42,23,2400,211,30.5,NULL,0
018-mgd3vns,MAIGHAT,Uttar Pradesh,JAUNPUR,Jaunpur ,Ganga Basin,8,0,168,14,NULL,12,7,5,0.0196,0.036,3.2,34.62,40,0,13.2,7.35,NULL,97.2351,400,394,0.31,1200,NULL,186.592,204.96,10,24.01,34,27.1953,0.05,0.2124,0.2124,NULL,8.3,0.1024,1.08682,86.55,8.42,26,2600,226,30,NULL,0
019-LYDAGRA,PRATAPPUR,Uttar Pradesh,PRAYGRAJ,PRAYGRAJ,Ganga Basin,2.85,0,85,1.5,10.35,0.26,13.91,20.39,NULL,0.18,5.8,24,15.6,0,9.3,NULL,6.8,83,NULL,NULL,0.19,790,60,88,103,3.1,6.8,19.1,31,0.56,1.29,1.26,NULL,8,0.02,0.9,NULL,NULL,10.1,1700,80,24,1124,0.03
019-LYDAGRA,PRATAPPUR,Uttar Pradesh,PRAYGRAJ,PRAYGRAJ,Ganga Basin,0.83,0,214,1.24,5.48,0.04,9.26,8.02,NULL,0.11,0.8,50,105.4,0,5.6,NULL,7.5,91,NULL,NULL,0.38,11000,126,226,261,5.5,24.1,89.9,46,0.14,4.76,4.76,NULL,8.1,0.2,2.6,NULL,NULL,59,22000,524,20,14,0
019-LYDAGRA,PRATAPPUR,Uttar Pradesh,PRAYGRAJ,PRAYGRAJ,Ganga Basin,0.72,24.25,121,2.69,3.4,0.1,2.21,4.25,0.09,0.28,1.86,37,74.9,24.3,10.4,NULL,6.01,NULL,NULL,715,0.38,NULL,92,234,196,3.5,34,76.1,41,0.04,1.2,1.2,0.21,8.6,0.21,1.7,NULL,NULL,52,NULL,465,23,NULL,NULL
019-LYDAGRA,PRATAPPUR,Uttar Pradesh,PRAYGRAJ,PRAYGRAJ,Ganga Basin,0.92,8.5,173,1.33,5.57,0.13,9.35,8.11,NULL,0.14,3.1,35,86.3,10.2,14.8,NULL,7.1,86,NULL,NULL,0.36,2100,88,189,190,7.2,24.3,76.3,46,1.42,1.33,1.3,NULL,8.8,0.17,2.4,NULL,4,44.4,2400,458,23,20,0.03
019-LYDAGRA,PRATAPPUR,Uttar Pradesh,PRAYGRAJ,PRAYGRAJ,Ganga Basin,0.06,0,28.33,3.59,1.29,0.08,20.95,1.43,0.07,0.18,1.63,26,17.8,0,14.4,NULL,5.62,NULL,NULL,144,0.42,NULL,64,80,34,3.1,3.9,12.9,25,0,0.9,0.9,0.02,7,NULL,0.6,64,NULL,1.5,NULL,94,29,NULL,NULL
019-MGD1LKN,Bansi,Uttar Pradesh,SIDDHARTH NAGAR,BANSI,Ganga Basin,1,0,176,1,1,1,2,1,1,0.18,1.57,43,9.94,0,8,6.86,NULL,81.492,NULL,300,0.304,NULL,NULL,193.562,214.72,4.692,20.655,6.44,6.59783,0.30888,0.558572,0.434372,0.351356,8.25,NULL,0.202016,107.5,NULL,16.8,NULL,192,24,NULL,0.1242
019-MGD3VNS,AKBARPUR,Uttar Pradesh,AMBEDKAR NAGAR,AKBARPUR,Ganga Basin,1.15,0,110.63,1.29,1.59,0.07,5.9,0.23,0.05,0.03,2.46,29.4,17.62,0,17.4,6.33,NULL,NULL,270,268,0.23,8100,73.5,106.74,110.63,3.6,8.08,10.49,NULL,0.07,4.77,4.73,NULL,8.02,0.05,NULL,NULL,5.21,11.3,13000,164,32,4.5,0.04
019-MGD3VNS,AKBARPUR,Uttar Pradesh,AMBEDKAR NAGAR,AKBARPUR,Ganga Basin,0.67,0,300.73,1.49,2.59,0.05,7.5,2.61,0.11,0.1,3.24,50.59,29.87,0,19.3,5.92,NULL,NULL,470,466,0.33,6800,126.47,249.8,300.73,5.29,29.97,31.91,NULL,0.03,0.98,0.94,NULL,8.08,0.02,NULL,NULL,3.02,20.7,10000,284,21,0.2,0.04
021-MGD3VNS,MEJA ROAD,Uttar Pradesh,PRAYGRAJ,MEJA,Ganga Basin,15,0,132,10,NULL,4,5,14,0.036,0.038,2.35,36.23,16,0,16.6,7.64,NULL,94.1698,250,240,0.384,500,NULL,154.033,161.04,7,15.23,10,11.8351,0,0.308264,0.308264,0,8.2,0.024,0.351582,90.575,8.66,16,1800,145,26,0.2,0
021-MGD3VNS,MEJA ROAD,Uttar Pradesh,PRAYGRAJ,MEJA,Ganga Basin,13,0,96,8,NULL,3,3,10,0.346,0.024,3.06,33.98,24,0,11.2,7.16,NULL,85.0558,250,236,0.38,300,NULL,154.908,117.12,5,16.79,8,9.7933,0.05,0.273,0.258,NULL,8.1,0.001,0.28053,84.95,9.2,14,1600,132,24,NULL,0.015
021-MGD3VNS,MEJA ROAD,Uttar Pradesh,PRAYGRAJ,MEJA,Ganga Basin,8,9.96,97.5984,8,NULL,2,3,13,0.04,0.028,3.06,37.03,20,12,11.2,7.16,NULL,88.2534,250,244,0.416,200,NULL,166.2,94.67,8,17.67,14,14.7966,0.05,0.376,0.376,NULL,8.3,0.001,0.473935,92.575,8.66,14,700,174,26,NULL,0
021-MGD3VNS,MEJA ROAD,Uttar Pradesh,PRAYGRAJ,MEJA,Ganga Basin,14,19.92,94.0984,9,NULL,2,2,12,0.04,0.028,2.46,38.31,20,24,8.1,7.06,NULL,90.2006,210,195,0.416,200,NULL,162.483,66,9,16.01,14,14.968,0.05,0.382,0.382,NULL,8.68,0.001,0.479241,95.775,8.48,14,700,99,28,0.1,0
021-MGD3VNS,MEJA ROAD,Uttar Pradesh,PRAYGRAJ,MEJA,Ganga Basin,0.66,0,138.05,0.59,2.18,0.11,4.29,0.3,0.02,0.32,2.22,30.89,20.11,0,14.4,6.27,NULL,NULL,220,214,0.28,6000,77.22,125.29,138.05,2,11.68,11.71,NULL,0.06,1.82,1.8,NULL,8.13,0.03,NULL,NULL,5.72,15.3,9100,129,22,0.5,0.02
021-MGD3VNS,MEJA ROAD,Uttar Pradesh,PRAYGRAJ,MEJA,Ganga Basin,0.34,0,144.81,0.89,1.33,0.09,23.64,1,0.05,0.03,2.53,18.77,23.96,0,19.4,6.81,NULL,NULL,290,286,0.33,8200,46.92,128.25,144.81,2.09,19.76,13.26,NULL,0.04,1.11,1.08,NULL,8.24,0.06,NULL,NULL,4.12,27.8,12000,183,31.75,1.9,0.03
021-MGD3VNS,MEJA ROAD,Uttar Pradesh,PRAYGRAJ,MEJA,Ganga Basin,0.4,10.23,98.82,NULL,4.64,0.04,3.05,0.81,0.05,0.03,2.97,29.83,19.22,10.23,27.2,6.79,NULL,NULL,320,308,0.36,9200,74.57,95.44,88.59,1.32,5.07,10.24,NULL,0.04,3.31,3.28,NULL,7.9,0.06,NULL,NULL,6.48,19.8,12000,186,31.75,1.2,0.03
021-MGD3VNS,MEJA ROAD,Uttar Pradesh,PRAYGRAJ,MEJA,Ganga Basin,0.6,0,140.8,NULL,2.44,0.06,1,1.29,0.04,0.03,2.97,32.97,17.93,0,27.7,6.9,NULL,NULL,300,290,0.37,9100,82.42,114.33,140.8,2.23,7.76,9.34,NULL,0.04,0.21,0.19,NULL,8.29,0.07,NULL,NULL,7.42,22.8,11000,157,30,0.2,0.02
021-MGD3VNS,MEJA ROAD,Uttar Pradesh,PRAYGRAJ,MEJA,Ganga Basin,NULL,0,136,9,NULL,2.5,7.5,6,0.22,0.024,2.35,33.66,15,0,8.2,7.06,NULL,85.4411,240,235,0.22,700,NULL,141.067,165.92,5,13.66,10,12.9199,0,0.256,0.256,NULL,7.89,0.016,0.367368,84.15,7.4,14,2000,142,25,0.8,0
022-MGD1LKN,Regauli,Uttar Pradesh,GORAKHPUR,Campierganj,Ganga Basin,1,0,184,1,1,1,2,1,1,0.19,1.37,44.8,12.07,0,8,6.86,NULL,79.972,NULL,330,0.323,NULL,NULL,206.669,224.48,4.692,22.7205,6.9,6.63203,0.33696,0.530972,0.434372,0.36169,8.19,NULL,0.209485,112,NULL,16.8,NULL,200,23,NULL,0.0966
023-LYDAGRA,AGRA POIYAGHAT ,Uttar Pradesh,AGRA,AGRA,Ganga Basin,0.56,17.18,94.5,NULL,3.48,0.08,17.24,3.05,0,0.11,21,45,80.2,0,14.4,3.2,3.2,43.1,NULL,613,0.61,NULL,112,169,73,9,13.6,56.1,40.51,3.09,0.27,0.27,0.42,6.8,NULL,1.88,0,NULL,60.6,NULL,398,31.5,NULL,NULL
023-LYDAGRA,AGRA POIYAGHAT ,Uttar Pradesh,AGRA,AGRA,Ganga Basin,0.4,0,320,NULL,12.33,0.23,2.71,30.72,0.2,0.24,24,61,285.8,0,33.3,NULL,2.2,28,NULL,1743,1.01,NULL,152,359,384,21.1,49.6,184.7,NULL,9.87,0.67,0.67,1.62,8,1.62,NULL,NULL,NULL,97.9,NULL,1133,27,NULL,NULL
023-LYDAGRA,AGRA POIYAGHAT ,Uttar Pradesh,AGRA,AGRA,Ganga Basin,1.58,0,298,6.31,8.01,0.09,11.04,9.46,NULL,0.14,29.4,70,210.9,0,55.6,NULL,4.4,53,NULL,1359,0.57,170000,167,291,363,16.4,27.7,160.5,50,11.67,4.76,4.48,1.24,7.8,1.24,3.5,NULL,NULL,116.2,220000,856,15,NULL,0.28
023-LYDAGRA,AGRA POIYAGHAT ,Uttar Pradesh,AGRA,AGRA,Ganga Basin,2.26,0,298,1.12,2.67,0.01,3.55,6.29,NULL,0.16,15,58,191.7,0,44.4,NULL,1,12,NULL,1370,0.42,170000,144,282,364,18.8,32,138.3,50,82.99,3.68,2.8,1.24,7.9,1.21,3.6,NULL,8.5,74.2,350000,863,22,NULL,0.88
023-LYDAGRA,AGRA POIYAGHAT ,Uttar Pradesh,AGRA,AGRA,Ganga Basin,1.65,18.25,312.33,NULL,3.52,0.03,0.41,5.72,0.08,0.39,16.5,51,257,21.9,27,4.1,1.1,45.09,NULL,1590,0.59,NULL,128,351,331,14.5,53.5,275.1,62.03,5.74,1.96,1.96,1.72,8.5,NULL,6.42,0,NULL,135.9,NULL,NULL,20,NULL,NULL
023-MGD1LKN,Birdghat,Uttar Pradesh,GORAKHPUR,Gorakhpur,Ganga Basin,1,0,216,1,1,1,2,1,1,0.2,2.94,53.4,24.14,0,14,6.27,NULL,70.3309,NULL,430,0.361,NULL,NULL,240.825,263.52,6.647,25.758,14.49,11.2856,0.33696,0.503372,0.434372,0.382358,7.88,NULL,0.407502,133.5,NULL,17.76,NULL,280,21,NULL,0.069
024-LYDAGRA,RAJGHAT,Uttar Pradesh,LALITPUR,LALITPUR,Ganga Basin,0.83,0,90,0.84,8.78,0.2,16.28,1.97,NULL,0.14,6.6,26,13.5,0,13,NULL,8.3,93,NULL,NULL,0.19,1100,64,84,110,2.3,4.9,14.7,27,0.42,0.88,0.84,NULL,7.9,0.02,0.7,NULL,NULL,1.9,1400,65,21,72,0.04
024-LYDAGRA,RAJGHAT,Uttar Pradesh,LALITPUR,LALITPUR,Ganga Basin,0.78,0,117,1.75,4.48,0.01,7.69,2.22,NULL,0.04,1.3,29,13.8,0,7.4,NULL,7.7,85,NULL,NULL,0.19,110,72,115,143,2.3,10.2,12.9,19,0,0.29,0.28,NULL,8.2,0.03,0.5,NULL,NULL,10.1,140,162,20.5,NULL,0.01
024-LYDAGRA,RAJGHAT,Uttar Pradesh,LALITPUR,LALITPUR,Ganga Basin,2.2,0,139,0.87,1.99,0.03,1.54,4.39,NULL,0.04,3.4,27,13.4,0,14.8,NULL,6,68,NULL,NULL,0.17,490,68,129,169,2.2,14.6,12.7,18,0.66,0.28,0.22,NULL,8,0.05,0.5,NULL,6.5,2.6,1100,190,22.5,4,0.06
024-LYDAGRA,RAJGHAT,Uttar Pradesh,LALITPUR,LALITPUR,Ganga Basin,0.22,10.5,123.5,3.45,1.71,0.05,1.17,2.08,0.06,0.14,3.8,35,13.5,12.6,14.6,9.3,4.78,NULL,NULL,1840,0.59,NULL,88,129,123,2.7,9.7,7.4,11,0,0.05,0.04,0.02,8.5,NULL,0.3,88,NULL,2,NULL,1196,25,NULL,0.01
025-MGD3VNS,DUDHHI,Uttar Pradesh,SONBHADRA,DUDHI,Ganga Basin,4.8,13.28,122.568,9,NULL,1,6,1.8,0.3,0.04,2.9,36,22,16,6.9,6.6,NULL,81.3509,180,177,0.5,200,NULL,155.833,117,6,15.8,14,15.7798,0.05,0.31,0.31,NULL,8.89,0.001,0.489391,90,8.8,25,900,108,26,0.1,0
025-MGD3VNS,DUDHHI,Uttar Pradesh,SONBHADRA,DUDHI,Ganga Basin,9.8,9.96,116,13,NULL,2.1,9,2,0.252,0.036,2.86,28.53,22,12,12.6,7.44,NULL,88.4635,256,250,0.316,400,NULL,136.408,117.12,6,15.62,9,12.0304,0.05,0.216,0.216,NULL,8.3,0.001,0.336363,71.325,8.24,22,1200,140,24.5,0.1,0
025-MGD3VNS,DUDHHI,Uttar Pradesh,SONBHADRA,DUDHI,Ganga Basin,4,0,120,9,NULL,3,10,3,0.044,0.038,2.35,35.91,30,0,15.2,8.82,NULL,104.775,390,380,0.422,400,NULL,157.275,146.4,9,16.2,18,18.9198,0,0.378324,0.378324,0,7.82,0.026,0.626349,89.775,9.34,28,1600,230,24,0.2,0
025-MGD3VNS,DUDHHI,Uttar Pradesh,SONBHADRA,DUDHI,Ganga Basin,3.5,0,116,8,NULL,3,7,2.5,0.033,0.031,5.48,36.12,22,0,27,3.72,NULL,46.6867,390,395,0.232,1200,NULL,150.508,141.52,9,14.45,13,14.9307,0.05,0.2,0.2,NULL,8.01,0.022,0.462348,90.3,8.4,24,2500,229,27,0.1,0
025-MGD3VNS,DUDHHI,Uttar Pradesh,SONBHADRA,DUDHI,Ganga Basin,4,19.92,140,1,NULL,0.05,2,1,0.258,0.034,3.16,27.25,30,24,7.8,8.56,NULL,105.51,225,219,0.446,200,NULL,143.75,122,9,18.15,15,17.4638,0.05,0.28,0.28,NULL,8.49,0.001,0.546244,68.125,8.62,24,800,109,26,0.1,0
025-MGD3VNS,DUDHHI,Uttar Pradesh,SONBHADRA,DUDHI,Ganga Basin,0.32,0,144.06,NULL,2.26,0.07,0.7,0.56,0.07,0.02,2.55,26.5,24.43,0,24.5,6.92,NULL,NULL,300,290,0.42,6100,66.25,99.38,144.06,1.5,8.05,20.86,NULL,0.09,0.18,0.16,NULL,8.05,0.05,NULL,NULL,6.13,15.5,9200,162,25,0.8,0.02
025-MGD3VNS,DUDHHI,Uttar Pradesh,SONBHADRA,DUDHI,Ganga Basin,0.62,0,98.24,NULL,1.68,0.08,0.48,6.15,0.06,0.03,2.63,17.81,27.52,0,25.2,6.85,NULL,NULL,290,286,0.41,6100,44.52,77.22,98.24,1.44,7.95,14.18,NULL,0.09,0.83,0.81,NULL,7.62,0.04,NULL,NULL,5.41,10,10000,170,29.5,7.6,0.02
025-MGD3VNS,DUDHHI,Uttar Pradesh,SONBHADRA,DUDHI,Ganga Basin,1.69,0,137.12,0.82,2.6,0.1,6.21,4.43,0.02,0.01,2.72,28.05,20.71,0,15.3,7.32,NULL,NULL,140,135,0.27,4000,70.12,154.05,137.12,1.61,20.39,12.31,NULL,0.02,0.72,0.7,NULL,8.18,0.02,NULL,NULL,3.64,8.9,6100,79,18,2,0.02
025-MGD3VNS,DUDHHI,Uttar Pradesh,SONBHADRA,DUDHI,Ganga Basin,1,19.92,140,3,NULL,0.12,5,1,0.252,0.032,3.08,27.89,30,24,10.6,7.12,NULL,83.0805,235,228,0.434,200,NULL,140.475,122,8,16.98,15,17.8945,0.05,0.268,0.268,NULL,8.1,0.001,0.552509,69.725,8.62,23,800,160,23.5,0.1,0
026-MGD1LKN,Basti,Uttar Pradesh,BASTI,BASTI,Ganga Basin,1,0,212,1,1,1,2,1,1,0.2,2.55,49.8,22.01,0,12,6.08,NULL,66.872,NULL,410,0.342,NULL,NULL,231.825,258.64,6.256,25.758,13.57,11.0224,0.351,0.531184,0.448384,0.372024,8.15,NULL,0.389002,124.5,NULL,1.728,NULL,260,20,NULL,0.0828
051-MGD3VNS,Shastri Bridge,Uttar Pradesh,PRAYGRAJ,PRAYGRAJ,Ganga Basin,4.64,0,173.37,0.7,0.21,0.04,3.75,64.62,0.03,0.02,3.1,57.21,33.05,0,21.3,7.22,NULL,NULL,260,272,0.27,9100,143.03,156.82,173.37,5.06,3.16,20.55,NULL,0.06,1.53,1.46,NULL,7.82,0.03,NULL,NULL,3.39,29.3,12000,174,22.1,0.7,0.07
051-MGD3VNS,Shastri Bridge,Uttar Pradesh,PRAYGRAJ,PRAYGRAJ,Ganga Basin,0.17,0,142.66,NULL,2.38,0.04,1.08,1.17,0.07,0.03,3.79,31.84,20.69,0,35.2,6.9,NULL,NULL,300,292,0.31,9300,79.6,103.83,142.66,5.89,5.89,15.24,NULL,0.06,0.74,0.68,NULL,7.67,0.02,NULL,NULL,4.34,26.6,14000,166,32,1.2,0.06
051-MGD3VNS,Shastri Bridge,Uttar Pradesh,PRAYGRAJ,PRAYGRAJ,Ganga Basin,0.56,0,115.71,NULL,2.01,0.09,2.58,3.59,0.05,0.05,3.76,33.68,22.75,0,34.8,6.81,NULL,NULL,250,245,0.31,10000,84.2,97.84,115.71,2.32,3.31,12.89,NULL,0.07,0.8,0.75,NULL,7.63,0.07,NULL,NULL,5.92,24.4,15000,132,32,4.8,0.05
051-MGD3VNS,Shastri Bridge,Uttar Pradesh,PRAYGRAJ,PRAYGRAJ,Ganga Basin,1.25,0,128.67,0.7,2.74,0.02,9.15,1.01,0.07,0.04,2.98,31.44,24.55,0,24.2,6.41,NULL,NULL,270,266,0.26,11000,78.6,122.38,128.67,4.84,10.64,13.74,NULL,0.08,1.51,1.42,NULL,7.52,0.03,NULL,NULL,6.48,26.3,15000,161,31,5.1,0.09
052-MGD3VNS,V S Bridge,Uttar Pradesh,VARANASI,VARANASI,Ganga Basin,0.63,0,165.23,1.57,2.96,0.02,17.92,0.04,0.06,0.04,2.82,19.55,37.22,0,23.1,6.57,NULL,NULL,310,308,0.26,9100,48.87,129.42,165.23,5,19.57,31.48,NULL,0.07,0.93,0.9,NULL,8.16,0.05,NULL,NULL,10.21,34.4,13000,198,28.1,2.9,0.03
052-MGD3VNS,V S Bridge,Uttar Pradesh,VARANASI,VARANASI,Ganga Basin,0.42,0,161.81,NULL,2.44,0.1,2.88,0.43,0.06,0.05,3.38,29.51,37.65,0,31.4,6.65,NULL,NULL,400,392,0.31,9300,73.77,127.12,161.81,2.96,12.96,33.03,NULL,0.07,0.7,0.67,NULL,8.02,0.04,NULL,NULL,6.35,33.2,15000,228,32,3.8,0.03
052-MGD3VNS,V S Bridge,Uttar Pradesh,VARANASI,VARANASI,Ganga Basin,0.17,0,171.94,NULL,2.44,0.04,3.26,1.99,0.07,0.05,3.31,29.9,41.96,0,30.3,6.71,NULL,NULL,430,424,0.32,9300,74.75,107.06,171.94,3.37,7.85,38.75,NULL,0.08,0.5,0.5,NULL,7.95,0.04,NULL,NULL,4.16,34.5,13000,232,31,0.4,0
052-MGD3VNS,V S Bridge,Uttar Pradesh,VARANASI,VARANASI,Ganga Basin,0.19,0,203.58,1.35,5.09,0.1,3.49,1.84,0.04,0.03,2.89,43.02,46.39,0,13.3,7.06,NULL,NULL,320,324,0.3,10000,107.55,159.98,203.58,4.51,12.54,36.93,NULL,0.05,1.64,1.6,NULL,8.12,0.03,NULL,NULL,5.64,26.7,15000,213,26,1.1,0.04
053-MGD3VNS,Baluaghat,Uttar Pradesh,VARANASI,VARANASI,Ganga Basin,0.18,0,207.3,0.72,2.64,0.09,22.41,8.29,0.03,0.02,3.01,48.86,45.2,0,22.3,6.94,NULL,NULL,350,360,0.31,11000,122.15,143.42,207.3,4.73,5.17,38.27,NULL,0.04,1.4,1.37,NULL,8.1,0.03,NULL,NULL,5.78,27,15000,235,26.8,0.8,0.03
053-MGD3VNS,Baluaghat,Uttar Pradesh,VARANASI,VARANASI,Ganga Basin,0.92,0,155.73,0.54,2.47,0.02,13.07,0.84,0.06,0.03,3.5,26.59,29.7,0,28.2,6.85,NULL,NULL,360,358,0.28,14000,66.48,121.21,155.73,4.63,13.3,26.53,NULL,0.08,1.15,1.11,NULL,8.24,0.04,NULL,NULL,5.12,35.2,22000,226,28.5,2.3,0.04
053-MGD3VNS,Baluaghat,Uttar Pradesh,VARANASI,VARANASI,Ganga Basin,0.4,0,159.55,NULL,1.81,0.07,1.29,0.74,0.07,0.04,3.44,33.52,43.73,0,33.5,6.38,NULL,NULL,390,386,0.32,20000,83.8,121.9,159.55,3.17,9.26,31.99,NULL,0.08,1.02,0.98,NULL,8.02,0.04,NULL,NULL,5.67,33.7,31000,228,32,2.5,0.04
053-MGD3VNS,Baluaghat,Uttar Pradesh,VARANASI,VARANASI,Ganga Basin,0.77,0,150.56,NULL,3.74,0.05,1.95,2.78,0.07,0.04,3.42,29.09,42.75,0,32.2,6.48,NULL,NULL,480,474,0.33,17000,72.73,130.09,150.56,3.61,13.94,42.45,NULL,0.08,0.54,0.52,NULL,8.02,0.04,NULL,NULL,5.21,37.2,24000,293,31,0.5,0.02
054-MGD3VNS,Ghazipur  Veer Abdul Hamid Bridge ,Uttar Pradesh,GHAZIPUR,GHAZIPUR,Ganga Basin,2.05,0,153.36,1.54,2.83,0.02,70.7,1.35,0.06,0.03,2.92,25.65,37.62,0,18.2,6.63,NULL,NULL,410,401,0.25,11000,64.12,127.86,153.36,4.93,15.49,30.27,NULL,0.08,1.33,1.31,NULL,8.29,0.04,NULL,NULL,7.41,30.5,17000,256,28.2,2.9,0.02
054-MGD3VNS,Ghazipur  Veer Abdul Hamid Bridge ,Uttar Pradesh,GHAZIPUR,GHAZIPUR,Ganga Basin,0.49,0,167.69,NULL,1.78,0.06,1.77,0.28,0.06,0.03,3.94,27.27,39.61,0,36.8,6.77,NULL,NULL,410,405,0.29,15000,68.17,134.74,167.69,2.97,16.18,35.58,NULL,0.08,0.94,0.92,NULL,8.25,0.05,NULL,NULL,6.78,31.1,26000,238,33,2.2,0.02
054-MGD3VNS,Ghazipur  Veer Abdul Hamid Bridge ,Uttar Pradesh,GHAZIPUR,GHAZIPUR,Ganga Basin,0.45,10.97,167.57,NULL,2.31,0.02,1.09,2.75,0.07,0.02,4.18,32.8,40.39,10.97,37.3,6.88,NULL,NULL,470,465,0.31,15000,82,132.92,156.6,3.7,12.37,39.26,NULL,0.08,0.76,0.74,NULL,7.99,0.04,NULL,NULL,6.55,35.4,23000,304,31,0.7,0.02
054-MGD3VNS,Ghazipur  Veer Abdul Hamid Bridge ,Uttar Pradesh,GHAZIPUR,GHAZIPUR,Ganga Basin,0.15,0,206.84,0.88,10.25,0.09,4.24,33.49,0.03,0.04,3.25,51.85,45.99,0,15.8,6.65,NULL,NULL,340,349,0.27,9200,129.62,166.27,206.84,4.83,8.9,39.85,NULL,0.02,1.69,1.65,NULL,8.04,0.06,NULL,NULL,7.12,27.2,12000,230,25.8,1,0.04
055-MGD3VNS,Jaunpur  MG Marg Bridge ,Uttar Pradesh,JAUNPUR,Jaunpur ,Ganga Basin,0.25,36.58,359.62,0.01,1.09,0.08,4.85,2.19,0.05,0.07,2.81,106.22,70.48,36.58,13.3,6.47,NULL,NULL,550,541,0.28,9100,265.55,275.8,323.04,7.43,2.49,60.69,NULL,0.05,3.17,3.14,NULL,8.88,0.06,NULL,NULL,4.26,26.2,13000,342,26,0.7,0.03
055-MGD3VNS,Jaunpur  MG Marg Bridge ,Uttar Pradesh,JAUNPUR,Jaunpur ,Ganga Basin,1.17,0,172.83,1.49,2.15,0.11,70.81,0.04,0.08,0.04,3.16,31.91,19.8,0,23.4,6.43,NULL,NULL,350,346,0.3,14000,79.77,125.12,172.83,5.21,11.02,18.46,NULL,0.07,3.64,3.62,NULL,8.14,0.05,NULL,NULL,6.6,17.8,21000,219,29.5,3.1,0.02
055-MGD3VNS,Jaunpur  MG Marg Bridge ,Uttar Pradesh,JAUNPUR,Jaunpur ,Ganga Basin,0.38,15.12,247.01,NULL,1.41,0.43,2.3,0.23,0.09,0.05,3.56,36.57,54.12,15.12,33.4,6.55,NULL,NULL,600,590,0.35,10000,91.42,197.69,231.87,4.69,25.82,51.54,NULL,0.08,0.84,0.82,NULL,8.63,0.05,NULL,NULL,7.43,41.5,15000,355,32.5,4.2,0.02
055-MGD3VNS,Jaunpur  MG Marg Bridge ,Uttar Pradesh,JAUNPUR,Jaunpur ,Ganga Basin,0.21,47.53,213.89,NULL,1.49,0.29,0.44,1.43,0.09,0.05,3.75,60.92,48.66,47.53,36.3,6.61,NULL,NULL,580,571,0.36,12000,153.2,198.36,166.36,4.3,11.19,46.54,NULL,0.08,1.25,1.23,NULL,9.05,0.06,NULL,NULL,6.92,32.5,20000,309,30,1.1,0.02
35-MGD3VNS,SAIDPUR,Uttar Pradesh,GHAZIPUR,SAIDPUR,Ganga Basin,0.76,0,150.99,0.67,2.02,0.04,7.68,0.1,0.07,0.04,2.98,29.4,26.73,0,21.2,6.25,NULL,NULL,360,352,0.26,8100,73.5,115.74,150.99,4.57,10.26,26.29,NULL,0.07,1.47,1.42,NULL,8.22,0.02,NULL,NULL,6.36,37.6,15000,228,28.4,1.9,0.05
35-MGD3VNS,SAIDPUR,Uttar Pradesh,GHAZIPUR,SAIDPUR,Ganga Basin,0.21,0,184.41,NULL,2.26,0.1,2.32,1.96,0.08,0.04,3.48,42.99,41.57,0,32.7,6.28,NULL,NULL,440,438,0.3,14000,107.47,132.73,184.41,2.9,6.14,32.74,NULL,0.08,1,0.95,NULL,8.36,0.03,NULL,NULL,6.68,34.8,21000,264,33,2.7,0.05
35-MGD3VNS,SAIDPUR,Uttar Pradesh,GHAZIPUR,SAIDPUR,Ganga Basin,0.18,17.82,171.17,NULL,2.19,0.08,2.24,5.96,0.08,0.04,3.56,30.54,45.7,17.82,33.1,6.44,NULL,NULL,500,489,0.31,12000,76.35,145.04,153.35,3.58,16.69,42.08,NULL,0.07,0.66,0.62,NULL,8.42,0.04,NULL,NULL,4.73,35.7,17000,284,31.5,0.7,0.04
35-MGD3VNS,SAIDPUR,Uttar Pradesh,GHAZIPUR,SAIDPUR,Ganga Basin,0.18,0,203.12,0.91,5.23,0.08,6.1,8.29,0.02,0.03,2.99,42.55,46.19,0,23.7,6.74,NULL,NULL,350,361,0.25,9100,106.37,159.57,203.12,4.77,12.93,40.14,NULL,0.05,1.62,1.57,NULL,8.28,0.04,NULL,NULL,6.23,31.3,12000,240,26.2,0.9,0.05
GYI00A3,KORA-OLD,Uttar Pradesh,FATEHPUR,Fatehpur,Ganga Basin,1.12,8.5,270,2.14,8.5,0.01,1.84,4.58,NULL,0.04,2.3,33,16,10.2,7.4,NULL,7.7,78,NULL,582,0.57,220,84,187,309,7,24.9,58.4,39,0,0.84,0.7,NULL,8.3,0.05,1.9,NULL,NULL,16.3,260,367,16.5,7,0.14
GYI00A3,KORA-OLD,Uttar Pradesh,FATEHPUR,Fatehpur,Ganga Basin,0.63,0,75,1.28,2.47,0.2,2.97,4.62,NULL,0.22,7.8,14,7.8,0,14.8,NULL,6.5,80,NULL,77,0.19,78,36,48,91,3.9,2.9,18.6,43,0.42,0.65,0.56,NULL,8,0.04,1.2,NULL,NULL,7.7,110,49,26,750,0.09
